{
  "id": "basic_33_dun",
  "name": "遁",
  "symbol": "☰☶",
  "sequence": 33,
  "pinyin": "dun",
  "strokes": 33,
  "type": "basic",
  "core_mechanism": {
    "name": "君子以远小人",
    "description": "主动退避，以防灾祸。",
    "variants": {
      "di": {
        "name": "好遁",
        "effect": {
          "actions": [
            {
              "action": "MOVE",
              "params": {
                "target": "SELF",
                "move_type": "RETREAT",
                "value": 2
              }
            }
          ]
        }
      },
      "ren": {
        "name": "嘉遁",
        "effect": {
          "cost": [
            {
              "action": "DISCARD_CARD",
              "params": {
                "target": "SELF",
                "count": 1
              }
            }
          ],
          "actions": [
            {
              "action": "MOVE",
              "params": {
                "target": "SELF",
                "destination": "EMPTY_IN_SAME_DEPARTMENT"
              }
            }
          ]
        }
      },
      "tian": {
        "name": "肥遁",
        "effect": {
          "actions": [
            {
              "action": "MOVE",
              "params": {
                "target": "OPPONENT_CHOICE_SINGLE",
                "move_type": "AWAY_FROM_PLAYER",
                "player": "SELF",
                "value": 1
              }
            }
          ]
        }
      }
    }
  }
}