{
  "id": "basic_01_qian",
  "name": "乾",
  "symbol": "☰☰",
  "sequence": 1,
  "pinyin": "qian",
  "strokes": 12,
  "type": "basic",
  "core_mechanism": {
    "name": "天道酬勤",
    "description": "支付10金币和5生命值，在本轮的【解读阶段】，你爻辞效果中所有正向收益（获得金币、恢复生命、造成伤害）的数值翻倍。",
    "variants": {
      "di": {
        "name": "蓄力",
        "description": "你在【地部】发动【天道酬勤】时，支付的成本减半（只需5金币和3生命值）。",
        "effect": {
          "actions": [
            {
              "action": "CHOICE",
              "params": {
                "target": "SELF",
                "options": [
                  {
                    "description": "发动【天道酬勤】",
                    "cost": [
                      {
                        "resource": "gold",
                        "value": 5
                      },
                      {
                        "resource": "health",
                        "value": 3
                      }
                    ],
                    "effect": {
                      "actions": [
                        {
                          "action": "APPLY_STATUS",
                          "params": {
                            "target": "SELF",
                            "status_id": "POSITIVE_GAIN_DOUBLED",
                            "duration": 1
                          }
                        }
                      ]
                    }
                  },
                  {
                    "description": "不发动"
                  }
                ]
              }
            }
          ]
        }
      },
      "ren": {
        "name": "精进",
        "description": "你在【人部】发动【天道酬勤】时，除了收益翻倍，你还可以立即额外移动一格。",
        "effect": {
          "actions": [
            {
              "action": "CHOICE",
              "params": {
                "target": "SELF",
                "options": [
                  {
                    "description": "发动【天道酬勤】并移动",
                    "cost": [
                      {
                        "resource": "gold",
                        "value": 10
                      },
                      {
                        "resource": "health",
                        "value": 5
                      }
                    ],
                    "effect": {
                      "actions": [
                        {
                          "action": "APPLY_STATUS",
                          "params": {
                            "target": "SELF",
                            "status_id": "POSITIVE_GAIN_DOUBLED",
                            "duration": 1
                          }
                        },
                        {
                          "action": "MOVE",
                          "params": {
                            "target": "SELF",
                            "value": 1,
                            "move_type": "NORMAL"
                          }
                        }
                      ]
                    }
                  },
                  {
                    "description": "不发动"
                  }
                ]
              }
            }
          ]
        }
      },
      "tian": {
        "name": "君威",
        "description": "你在【天部】发动【天道酬勤】时，你可以指定一名盟友，使其也获得本轮收益翻倍的效果。",
        "effect": {
          "actions": [
            {
              "action": "CHOICE",
              "params": {
                "target": "SELF",
                "options": [
                  {
                    "description": "为自己和盟友发动【天道酬勤】",
                    "cost": [
                      {
                        "resource": "gold",
                        "value": 10
                      },
                      {
                        "resource": "health",
                        "value": 5
                      }
                    ],
                    "effect": {
                      "actions": [
                        {
                          "action": "APPLY_STATUS",
                          "params": {
                            "target": "SELF",
                            "status_id": "POSITIVE_GAIN_DOUBLED",
                            "duration": 1
                          }
                        },
                        {
                          "action": "APPLY_STATUS",
                          "params": {
                            "target": "ALLY_FORMAL_SINGLE",
                            "status_id": "POSITIVE_GAIN_DOUBLED",
                            "duration": 1
                          }
                        },
                        {
                          "action": "EXECUTE_LATER",
                          "params": {
                            "delay": "END_OF_TURN",
                            "expiry_time": "1 ROUND",
                            "effect": {
                              "actions": [
                                {
                                  "action": "DISCARD_CARD",
                                  "params": {
                                    "target": "SELF",
                                    "count": 1
                                  }
                                }
                              ]
                            }
                          }
                        }
                      ]
                    }
                  },
                  {
                    "description": "不发动"
                  }
                ]
              }
            }
          ]
        }
      }
    }
  }
}